{
  "coord_x": -1,
  "coord_y": 0,
  "bounds": {
    "min_x": -2000.0,
    "min_z": 0.0,
    "max_x": 0.0,
    "max_z": 2000.0
  },
  "road_count": 168,
  "building_count": 63,
  "traffic_nodes": 1320,
  "traffic_edges": 3470,
  "signal_positions": [
    [
      -692.8077,
      237.7542
    ],
    [
      -423.09396,
      243.28679
    ],
    [
      -214.68066,
      66.23233
    ],
    [
      -195.78261,
      10.1827135
    ],
    [
      -688.7875,
      0.76504165
    ],
    [
      -235.14157,
      261.74365
    ],
    [
      -404.97733,
      265.47287
    ],
    [
      -440.00763,
      257.43558
    ],
    [
      -178.88951,
      271.23926
    ],
    [
      -675.1846,
      261.26498
    ],
    [
      -712.96014,
      252.63768
    ],
    [
      -884.52325,
      258.13687
    ],
    [
      -941.7829,
      248.6079
    ],
    [
      -1233.068,
      253.06068
    ],
    [
      -909.5596,
      48.06491
    ],
    [
      -180.08221,
      46.651146
    ],
    [
      -233.1469,
      28.795418
    ],
    [
      -395.518,
      43.111168
    ],
    [
      -442.6809,
      25.166386
    ],
    [
      -668.68646,
      38.636105
    ],
    [
      -716.40454,
      20.435286
    ],
    [
      -879.52625,
      35.185184
    ],
    [
      -928.97174,
      16.873045
    ],
    [
      -1070.0902,
      32.057095
    ],
    [
      -1090.2324,
      13.967593
    ],
    [
      -913.32275,
      274.46753
    ],
    [
      -900.20306,
      235.9174
    ],
    [
      -420.80112,
      63.694237
    ],
    [
      -199.78226,
      247.78412
    ],
    [
      -214.49559,
      286.06708
    ],
    [
      -910.23816,
      891.8037
    ],
    [
      -926.18536,
      929.11816
    ]
  ]
}