{
  "coord_x": 0,
  "coord_y": -1,
  "bounds": {
    "min_x": 0.0,
    "min_z": -2000.0,
    "max_x": 2000.0,
    "max_z": 0.0
  },
  "road_count": 143,
  "building_count": 105,
  "traffic_nodes": 1179,
  "traffic_edges": 3218,
  "signal_positions": [
    [
      272.79257,
      -191.95215
    ],
    [
      44.185703,
      -166.64911
    ],
    [
      55.649975,
      -217.44443
    ],
    [
      57.582966,
      -420.91513
    ],
    [
      50.005234,
      -380.4837
    ],
    [
      35.302177,
      -404.15033
    ],
    [
      72.399124,
      -397.27075
    ],
    [
      291.8037,
      -172.50453
    ],
    [
      72.66645,
      -186.08557
    ],
    [
      23.190145,
      -197.72964
    ],
    [
      309.41653,
      -207.92656
    ],
    [
      292.42062,
      -49.67405
    ],
    [
      301.2219,
      -93.37828
    ]
  ]
}