{
  "coord_x": 0,
  "coord_y": 0,
  "bounds": {
    "min_x": 0.0,
    "min_z": 0.0,
    "max_x": 2000.0,
    "max_z": 2000.0
  },
  "road_count": 182,
  "building_count": 541,
  "traffic_nodes": 1304,
  "traffic_edges": 3539,
  "signal_positions": [
    [
      266.83936,
      1172.9089
    ],
    [
      277.71756,
      1547.3783
    ],
    [
      77.15963,
      274.69016
    ],
    [
      6.461561,
      264.93854
    ],
    [
      334.93613,
      50.34697
    ],
    [
      76.34736,
      50.847908
    ],
    [
      9.731193,
      32.99218
    ],
    [
      32.927067,
      903.08044
    ],
    [
      798.6685,
      1184.4194
    ],
    [
      818.89294,
      1139.0789
    ],
    [
      441.56927,
      62.31387
    ],
    [
      432.81943,
      44.38022
    ],
    [
      301.7977,
      11.485158
    ],
    [
      281.46017,
      69.627594
    ],
    [
      284.59613,
      1127.5349
    ],
    [
      278.7766,
      14.813625
    ],
    [
      296.80072,
      146.26028
    ],
    [
      257.8736,
      36.732533
    ],
    [
      309.725,
      69.51627
    ],
    [
      290.27173,
      189.95338
    ]
  ]
}