{
  "coord_x": -1,
  "coord_y": -1,
  "bounds": {
    "min_x": -2000.0,
    "min_z": -2000.0,
    "max_x": 0.0,
    "max_z": 0.0
  },
  "road_count": 164,
  "building_count": 147,
  "traffic_nodes": 1345,
  "traffic_edges": 3418,
  "signal_positions": [
    [
      -892.44025,
      -228.98831
    ],
    [
      -100.32583,
      -1041.8136
    ],
    [
      -243.26424,
      -214.72821
    ],
    [
      -211.85316,
      -167.50627
    ],
    [
      -191.99889,
      -220.1161
    ],
    [
      -905.7964,
      -178.31544
    ],
    [
      -896.34735,
      -2.6302183
    ],
    [
      -417.7885,
      -172.2485
    ],
    [
      -175.79468,
      -187.22104
    ],
    [
      -684.17096,
      -237.4375
    ],
    [
      -398.911,
      -190.91687
    ],
    [
      -445.0046,
      -205.56657
    ],
    [
      -444.87094,
      -218.13461
    ],
    [
      -657.44836,
      -195.20268
    ],
    [
      -718.86194,
      -210.15297
    ],
    [
      -718.86194,
      -222.85457
    ],
    [
      -875.05365,
      -198.80945
    ],
    [
      -932.59094,
      -213.73747
    ],
    [
      -1226.2511,
      -204.63148
    ],
    [
      -1020.9018,
      -201.23624
    ],
    [
      -1039.1418,
      -215.51859
    ],
    [
      -244.08679,
      -202.20471
    ],
    [
      -74.16878,
      -1090.8389
    ]
  ]
}